date,equity,cash,n_positions
2021-06-01,10000000,10000000,0
2021-06-02,10000000,10000000,0
2021-06-03,10000000,10000000,0
2021-06-04,10000000,10000000,0
2021-06-07,10000000,10000000,0
2021-06-08,10000000,10000000,0
2021-06-09,10000000,10000000,0
2021-06-10,10000000,10000000,0
2021-06-11,10000000,10000000,0
2021-06-15,10019187,0,10
2021-06-16,9906917,0,10
2021-06-17,10040068,0,10
2021-06-18,10018909,0,10
2021-06-21,9781781,0,10
2021-06-22,9774520,0,10
2021-06-23,10012829,0,10
2021-06-24,10036811,0,10
2021-06-25,10036804,0,10
2021-06-28,9989714,0,10
2021-06-29,9994791,0,10
2021-06-30,10058631,0,10
2021-07-01,9960640,0,10
2021-07-02,10029228,0,10
2021-07-05,10207398,0,10
2021-07-06,10102565,0,10
2021-07-07,10097912,0,10
2021-07-08,10107826,0,10
2021-07-09,10084357,0,10
2021-07-12,10193022,0,10
2021-07-13,10190455,0,10
2021-07-14,10306122,0,10
2021-07-15,10493536,0,10
2021-07-16,10486995,0,10
2021-07-19,10371896,0,10
2021-07-20,10211624,0,10
2021-07-21,10192676,0,10
2021-07-22,10353694,0,10
2021-07-23,10208337,0,10
2021-07-26,10271197,0,10
2021-07-27,10211486,0,10
2021-07-28,9918551,0,10
2021-07-29,10142234,0,10
2021-07-30,10089606,0,10
2021-08-02,10221704,0,10
2021-08-03,10314872,0,10
2021-08-04,10327277,0,10
2021-08-05,10342733,0,10
2021-08-06,10168180,0,10
2021-08-09,10049785,0,10
2021-08-10,9903378,0,10
2021-08-11,9770976,0,10
2021-08-12,9843953,0,10
2021-08-13,9605718,0,10
2021-08-16,9598512,0,10
2021-08-17,9384725,0,10
2021-08-18,9645317,0,10
2021-08-19,9283868,0,10
2021-08-20,9322434,0,10
2021-08-23,9656113,0,10
2021-08-24,9668815,0,10
2021-08-25,9922448,0,10
2021-08-26,9885910,0,10
2021-08-27,9977691,0,10
2021-08-30,10097117,0,10
2021-08-31,10111530,0,10
2021-09-01,10286342,0,10
2021-09-02,10192278,0,10
2021-09-03,10269822,0,10
2021-09-06,10221116,0,10
2021-09-07,10100382,0,10
2021-09-08,9959677,0,10
2021-09-09,9974748,0,10
2021-09-10,10235018,0,10
2021-09-13,10127421,0,10
2021-09-14,10117943,0,10
2021-09-15,10047418,0,10
2021-09-16,10118273,0,10
2021-09-17,10188485,0,10
2021-09-22,9951563,0,10
2021-09-23,10102009,0,10
2021-09-24,10138610,0,10
2021-09-27,10138918,0,10
2021-09-28,10105561,0,10
2021-09-29,9782540,0,10
2021-09-30,9907296,0,10
2021-10-01,9649229,0,10
2021-10-04,9461610,0,10
2021-10-05,9572877,0,10
2021-10-06,9538981,0,10
2021-10-07,9802723,0,10
2021-10-08,9736862,0,10
2021-10-12,9506318,0,10
2021-10-13,9319742,0,10
2021-10-14,9352250,0,10
2021-10-15,9633452,0,10
2021-10-18,9662748,0,10
2021-10-19,9922234,0,10
2021-10-20,9917245,0,10
2021-10-21,9943150,0,10
2021-10-22,9991869,0,10
2021-10-25,10015092,0,10
2021-10-26,10177683,0,10
2021-10-27,10359458,0,10
2021-10-28,10467885,0,10
2021-10-29,10464730,0,10
2021-11-01,10678443,0,10
2021-11-02,10729201,0,10
2021-11-03,10780272,0,10
2021-11-04,10774177,0,10
2021-11-05,10987042,0,10
2021-11-08,11109747,0,10
2021-11-09,11120165,0,10
2021-11-10,11171998,0,10
2021-11-11,11050742,0,10
2021-11-12,11203718,0,10
2021-11-15,11310247,0,10
2021-11-16,11340470,0,10
2021-11-17,11398642,0,10
2021-11-18,11399838,0,10
2021-11-19,11400645,0,10
2021-11-22,11549500,0,10
2021-11-23,11424520,0,10
2021-11-24,11394325,0,10
2021-11-25,11298812,0,10
2021-11-26,11058577,0,10
2021-11-29,11157585,0,10
2021-11-30,11331556,0,10
2021-12-01,11442632,0,10
2021-12-02,11479292,0,10
2021-12-03,11568872,0,10
2021-12-06,11515775,0,10
2021-12-07,11498800,0,10
2021-12-08,11536443,0,10
2021-12-09,11488116,0,10
2021-12-10,11453515,0,10
2021-12-13,11609056,0,10
2021-12-14,11386379,0,10
2021-12-15,11384465,0,10
2021-12-16,11439931,0,10
2021-12-17,11348297,0,10
2021-12-20,11286902,0,10
2021-12-21,11424971,0,10
2021-12-22,11525388,0,10
2021-12-23,11750447,0,10
2021-12-24,11750282,0,10
2021-12-27,11875867,0,10
2021-12-28,12035122,0,10
2021-12-29,12127916,0,10
2021-12-30,12203754,0,10
2022-01-03,12045739,0,10
2022-01-04,12178036,0,10
2022-01-05,12132091,0,10
2022-01-06,11911373,0,10
2022-01-07,11822813,0,10
2022-01-10,11927293,0,10
2022-01-11,11853864,0,10
2022-01-12,11936111,0,10
2022-01-13,11880253,0,10
2022-01-14,11788059,0,10
2022-01-17,12065583,0,10
2022-01-18,12062618,0,10
2022-01-19,11934524,0,10
2022-01-20,11993347,0,10
2022-01-21,11581755,0,10
2022-01-24,11654044,0,10
2022-01-25,11431963,0,10
2022-01-26,11455909,0,10
2022-02-07,11680490,0,10
2022-02-08,11728750,0,10
2022-02-09,12062164,0,10
2022-02-10,12099565,0,10
2022-02-11,12144105,0,10
2022-02-14,11778392,0,10
2022-02-15,11790595,0,10
2022-02-16,12221125,0,10
2022-02-17,12331217,0,10
2022-02-18,12345785,0,10
2022-02-21,12203598,0,10
2022-02-22,10732917,0,10
2022-02-23,10769456,0,10
2022-02-24,10477601,0,10
2022-02-25,10597552,0,10
2022-03-01,10873510,0,10
2022-03-02,10922583,0,10
2022-03-03,10963303,0,10
2022-03-04,10822220,0,10
2022-03-07,10263831,0,10
2022-03-08,9988397,0,10
2022-03-09,10047187,0,10
2022-03-10,10505227,0,10
2022-03-11,10432051,0,10
2022-03-14,10367017,0,10
2022-03-15,10043196,0,10
2022-03-16,9923694,0,10
2022-03-17,10434042,0,10
2022-03-18,10325521,0,10
2022-03-21,10388346,0,10
2022-03-22,10421841,0,10
2022-03-23,10591301,0,10
2022-03-24,10621987,0,10
2022-03-25,10540693,0,10
2022-03-28,10495380,0,10
2022-03-29,10477953,0,10
2022-03-30,10589178,0,10
2022-03-31,10537042,0,10
2022-04-01,10491864,0,10
2022-04-06,10311789,0,10
2022-04-07,10081188,0,10
2022-04-08,10056334,0,10
2022-04-11,9803858,0,10
2022-04-12,9732047,0,10
2022-04-13,10063443,0,10
2022-04-14,10084095,0,10
2022-04-15,9808765,0,10
2022-04-18,9785408,0,10
2022-04-19,9875510,0,10
2022-04-20,9964219,0,10
2022-04-21,9979456,0,10
2022-04-22,9786806,0,10
2022-04-25,9451493,0,10
2022-04-26,9393461,0,10
2022-04-27,9351078,0,10
2022-04-28,9430791,0,10
2022-04-29,9618020,0,10
2022-05-03,9677994,0,10
2022-05-04,9690707,0,10
2022-05-05,9825494,0,10
2022-05-06,9593931,0,10
2022-05-09,9462530,0,10
2022-05-10,9614300,0,10
2022-05-11,9537373,0,10
2022-05-12,9405799,0,10
2022-05-13,9587773,0,10
2022-05-16,9590962,0,10
2022-05-17,9809235,0,10
2022-05-18,9834313,0,10
2022-05-19,9800199,0,10
2022-05-20,9806930,0,10
2022-05-23,9816179,0,10
2022-05-24,9611964,0,10
2022-05-25,9742036,0,10
2022-05-26,9577999,0,10
2022-05-27,9815967,0,10
2022-05-30,10152244,0,10
2022-05-31,10289920,0,10
2022-06-01,10254208,0,10
2022-06-02,10081137,0,10
2022-06-06,10094512,0,10
2022-06-07,10027157,0,10
2022-06-08,10208830,0,10
2022-06-09,10260637,0,10
2022-06-10,10291146,0,10
2022-06-13,9989271,0,10
2022-06-14,9991111,0,10
2022-06-15,9820202,0,10
2022-06-16,9573300,0,10
2022-06-17,9456087,0,10
2022-06-20,9256284,0,10
2022-06-21,9567887,0,10
2022-06-22,9124240,0,10
2022-06-23,9022826,0,10
2022-06-24,8993572,0,10
2022-06-27,9252130,0,10
2022-06-28,9028003,0,10
2022-06-29,8824547,0,10
2022-06-30,8460775,0,10
2022-07-01,8021652,0,10
2022-07-04,8008484,0,10
2022-07-05,8067178,0,10
2022-07-06,7784038,0,10
2022-07-07,8105994,0,10
2022-07-08,8186221,0,10
2022-07-11,8089815,0,10
2022-07-12,7840839,0,10
2022-07-13,8001530,0,10
2022-07-14,8182028,0,10
2022-07-15,8375833,0,10
2022-07-18,8658996,0,10
2022-07-19,8635405,0,10
2022-07-20,8809021,0,10
2022-07-21,8981090,0,10
2022-07-22,8931025,0,10
2022-07-25,8828631,0,10
2022-07-26,8720284,0,10
2022-07-27,8785314,0,10
2022-07-28,8736652,0,10
2022-07-29,8883894,0,10
2022-08-01,8798938,0,10
2022-08-02,8667124,0,10
2022-08-03,8720016,0,10
2022-08-04,8681972,0,10
2022-08-05,8872269,0,10
2022-08-08,8909829,0,10
2022-08-09,8877383,0,10
2022-08-10,8756606,0,10
2022-08-11,8968315,0,10
2022-08-12,9123560,0,10
2022-08-15,9244605,0,10
2022-08-16,9290025,0,10
2022-08-17,9256597,0,10
2022-08-18,9317788,0,10
2022-08-19,9352775,0,10
2022-08-22,9183900,0,10
2022-08-23,9111410,0,10
2022-08-24,9089807,0,10
2022-08-25,9189925,0,10
2022-08-26,9252947,0,10
2022-08-29,9132433,0,10
2022-08-30,9155592,0,10
2022-08-31,9261652,0,10
2022-09-01,9040700,0,10
2022-09-02,9019144,0,10
2022-09-05,8898825,0,10
2022-09-06,8862117,0,10
2022-09-07,8799876,0,10
2022-09-08,8947255,0,10
2022-09-12,9192525,0,10
2022-09-13,9234960,0,10
2022-09-14,9098540,0,10
2022-09-15,9039134,0,10
2022-09-16,8868195,0,10
2022-09-19,8831723,0,10
2022-09-20,8847876,0,10
2022-09-21,8749872,0,10
2022-09-22,8759647,0,10
2022-09-23,8579316,0,10
2022-09-26,8268523,0,10
2022-09-27,8360357,0,10
2022-09-28,8033437,0,10
2022-09-29,8068108,0,10
2022-09-30,8184746,0,10
2022-10-03,8090444,0,10
2022-10-04,8360018,0,10
2022-10-05,8452094,0,10
2022-10-06,8515489,0,10
2022-10-07,8416224,0,10
2022-10-11,7911660,0,10
2022-10-12,7868298,0,10
2022-10-13,7628090,0,10
2022-10-14,7970546,0,10
2022-10-17,7981660,0,10
2022-10-18,8002440,0,10
2022-10-19,7948255,0,10
2022-10-20,7918076,0,10
2022-10-21,7781149,0,10
2022-10-24,7882152,0,10
2022-10-25,7716528,0,10
2022-10-26,7723053,0,10
2022-10-27,7934652,0,10
2022-10-28,7796867,0,10
2022-10-31,7968866,0,10
2022-11-01,8020251,0,10
2022-11-02,8088253,0,10
2022-11-03,8120314,0,10
2022-11-04,8122548,0,10
2022-11-07,8408698,0,10
2022-11-08,8427769,0,10
2022-11-09,8690128,0,10
2022-11-10,8689261,0,10
2022-11-11,9026795,0,10
2022-11-14,9053461,0,10
2022-11-15,9289634,0,10
2022-11-16,9305296,0,10
2022-11-17,9257723,0,10
2022-11-18,9233282,0,10
2022-11-21,9165711,0,10
2022-11-22,9146958,0,10
2022-11-23,9161534,0,10
2022-11-24,9329424,0,10
2022-11-25,9219171,0,10
2022-11-28,9165391,0,10
2022-11-29,9175057,0,10
2022-11-30,9338597,0,10
2022-12-01,9429664,0,10
2022-12-02,9464662,0,10
2022-12-05,9563827,0,10
2022-12-06,9425173,0,10
2022-12-07,9202162,0,10
2022-12-08,9209044,0,10
2022-12-09,9315407,0,10
2022-12-12,9276082,0,10
2022-12-13,9203648,0,10
2022-12-14,9367983,0,10
2022-12-15,9365424,0,10
2022-12-16,9203377,0,10
2022-12-19,9132951,0,10
2022-12-20,8834439,0,10
2022-12-21,8815004,0,10
2022-12-22,8875268,0,10
2022-12-23,8775357,0,10
2022-12-26,8689333,0,10
2022-12-27,8745506,0,10
2022-12-28,8543200,0,10
2022-12-29,8582263,0,10
2022-12-30,8555369,0,10
2023-01-03,8748328,0,10
2023-01-04,8733287,0,10
2023-01-05,8736283,0,10
2023-01-06,8854922,0,10
2023-01-09,9079674,0,10
2023-01-10,9150718,0,10
2023-01-11,9107389,0,10
2023-01-12,9097950,0,10
2023-01-13,9089362,0,10
2023-01-16,9170661,0,10
2023-01-17,9143357,0,10
2023-01-30,9551920,0,10
2023-01-31,9383623,0,10
2023-02-01,9554124,0,10
2023-02-02,9781122,0,10
2023-02-03,9774967,0,10
2023-02-06,9571238,0,10
2023-02-07,9576649,0,10
2023-02-08,9762992,0,10
2023-02-09,9760279,0,10
2023-02-10,9671114,0,10
2023-02-13,9604783,0,10
2023-02-14,9621265,0,10
2023-02-15,9616975,0,10
2023-02-16,9718971,0,10
2023-02-17,9644921,0,10
2023-02-20,9657499,0,10
2023-02-21,9705582,0,10
2023-02-22,9532741,0,10
2023-02-23,9742459,0,10
2023-02-24,9565755,0,10
2023-03-01,9764622,0,10
2023-03-02,9723673,0,10
2023-03-03,9789265,0,10
2023-03-06,9908342,0,10
2023-03-07,9945118,0,10
2023-03-08,10032423,0,10
2023-03-09,10004744,0,10
2023-03-10,9779806,0,10
2023-03-13,9809098,0,10
2023-03-14,9701191,0,10
2023-03-15,9717910,0,10
2023-03-16,9704361,0,10
2023-03-17,9952916,0,10
2023-03-20,10005372,0,10
2023-03-21,10085920,0,10
2023-03-22,10215519,0,10
2023-03-23,10380614,0,10
2023-03-24,10425015,0,10
2023-03-27,10343514,0,10
2023-03-28,10169851,0,10
2023-03-29,10173647,0,10
2023-03-30,10326685,0,10
2023-03-31,10430944,0,10
2023-04-06,10334276,0,10
2023-04-07,10407299,0,10
2023-04-10,10398813,0,10
2023-04-11,10468008,0,10
2023-04-12,10458283,0,10
2023-04-13,10250031,0,10
2023-04-14,10333485,0,10
2023-04-17,10283856,0,10
2023-04-18,10151570,0,10
2023-04-19,10025491,0,10
2023-04-20,10025733,0,10
2023-04-21,9902558,0,10
2023-04-24,9929889,0,10
2023-04-25,9662546,0,10
2023-04-26,9733632,0,10
2023-04-27,9839352,0,10
2023-04-28,10026999,0,10
2023-05-02,10064939,0,10
2023-05-03,10037820,0,10
2023-05-04,10114450,0,10
2023-05-05,10163354,0,10
2023-05-08,10190064,0,10
2023-05-09,10177009,0,10
2023-05-10,10162724,0,10
2023-05-11,10064073,0,10
2023-05-12,10179723,0,10
2023-05-15,10155772,0,10
2023-05-16,10318473,0,10
2023-05-17,10548020,0,10
2023-05-18,10673490,0,10
2023-05-19,10855055,0,10
2023-05-22,10793192,0,10
2023-05-23,10907390,0,10
2023-05-24,10859469,0,10
2023-05-25,11050314,0,10
2023-05-26,11326400,0,10
2023-05-29,11519926,0,10
2023-05-30,11596128,0,10
2023-05-31,11651504,0,10
2023-06-01,11572921,0,10
2023-06-02,11629154,0,10
2023-06-05,11580303,0,10
2023-06-06,11644711,0,10
2023-06-07,11756224,0,10
2023-06-08,11501761,0,10
2023-06-09,11710793,0,10
2023-06-12,11778102,0,10
2023-06-13,12266941,0,10
2023-06-14,12237109,0,10
2023-06-15,12353540,0,10
2023-06-16,12389793,0,10
2023-06-19,12376755,0,10
2023-06-20,12216892,0,10
2023-06-21,12140811,0,10
2023-06-26,12073637,0,10
2023-06-27,11890929,0,10
2023-06-28,11869865,0,10
2023-06-29,12089768,0,10
2023-06-30,12081109,0,10
2023-07-03,12418415,0,10
2023-07-04,12642400,0,10
2023-07-05,12501932,0,10
2023-07-06,12353717,0,10
2023-07-07,12237721,0,10
2023-07-10,12157866,0,10
2023-07-11,12307385,0,10
2023-07-12,12490626,0,10
2023-07-13,12575844,0,10
2023-07-14,12994108,0,10
2023-07-17,13052704,0,10
2023-07-18,13100460,0,10
2023-07-19,13238030,0,10
2023-07-20,13113024,0,10
2023-07-21,13085601,0,10
2023-07-24,12947807,0,10
2023-07-25,12991738,0,10
2023-07-26,12885605,0,10
2023-07-27,12831282,0,10
2023-07-28,13087700,0,10
2023-07-31,12721768,0,10
2023-08-01,12726634,0,10
2023-08-02,12324752,0,10
2023-08-04,12246133,0,10
2023-08-07,12666794,0,10
2023-08-08,12567662,0,10
2023-08-09,12583629,0,10
2023-08-10,12141669,0,10
2023-08-11,12134754,0,10
2023-08-14,11919267,0,10
2023-08-15,12176261,0,10
2023-08-16,12157460,0,10
2023-08-17,12308863,0,10
2023-08-18,12080936,0,10
2023-08-21,12197107,0,10
2023-08-22,12498390,0,10
2023-08-23,12728809,0,10
2023-08-24,13131259,0,10
2023-08-25,12978403,0,10
2023-08-28,12892331,0,10
2023-08-29,13010613,0,10
2023-08-30,13166261,0,10
2023-08-31,13126910,0,10
2023-09-01,13038480,0,10
2023-09-04,13177608,0,10
2023-09-05,13222258,0,10
2023-09-06,13328313,0,10
2023-09-07,13195660,0,10
2023-09-08,13235453,0,10
2023-09-11,13203757,0,10
2023-09-12,13410235,0,10
2023-09-13,13536967,0,10
2023-09-14,13891019,0,10
2023-09-15,14061877,0,10
2023-09-18,13967188,0,10
2023-09-19,13937351,0,10
2023-09-20,13694265,0,10
2023-09-21,13532814,0,10
2023-09-22,13809554,0,10
2023-09-25,13842532,0,10
2023-09-26,13718826,0,10
2023-09-27,13816191,0,10
2023-09-28,13729768,0,10
2023-10-02,14159595,0,10
2023-10-03,14233895,0,10
2023-10-04,14090582,0,10
2023-10-05,14305647,0,10
2023-10-06,14224957,0,10
2023-10-11,14238816,0,10
2023-10-12,14339501,0,10
2023-10-13,14355309,0,10
2023-10-16,14210536,0,10
2023-10-17,14193514,0,10
2023-10-18,13876082,0,10
2023-10-19,14109989,0,10
2023-10-20,14207621,0,10
2023-10-23,13936410,0,10
2023-10-24,13963812,0,10
2023-10-25,13959610,0,10
2023-10-26,13527583,0,10
2023-10-27,13464771,0,10
2023-10-30,13635480,0,10
2023-10-31,13362550,0,10
2023-11-01,13408047,0,10
2023-11-02,13780361,0,10
2023-11-03,13958392,0,10
2023-11-06,14138518,0,10
2023-11-07,14005664,0,10
2023-11-08,14079562,0,10
2023-11-09,14127002,0,10
2023-11-10,13922399,0,10
2023-11-13,14385740,0,10
2023-11-14,14507238,0,10
2023-11-15,14474241,0,10
2023-11-16,14535967,0,10
2023-11-17,14705832,0,10
2023-11-20,14723925,0,10
2023-11-21,15019243,0,10
2023-11-22,15122707,0,10
2023-11-23,15073233,0,10
2023-11-24,15073508,0,10
2023-11-27,14782106,0,10
2023-11-28,15091765,0,10
2023-11-29,15213808,0,10
2023-11-30,15309186,0,10
2023-12-01,15312814,0,10
2023-12-04,15289287,0,10
2023-12-05,15185744,0,10
2023-12-06,15213752,0,10
2023-12-07,15056935,0,10
2023-12-08,15191466,0,10
2023-12-11,15276396,0,10
2023-12-12,15163056,0,10
2023-12-13,15355119,0,10
2023-12-14,15580328,0,10
2023-12-15,15480238,0,10
2023-12-18,15235675,0,10
2023-12-19,15179850,0,10
2023-12-20,15252728,0,10
2023-12-21,15238797,0,10
2023-12-22,15332533,0,10
2023-12-25,15378567,0,10
2023-12-26,15548236,0,10
2023-12-27,15681584,0,10
2023-12-28,15585385,0,10
2023-12-29,15569115,0,10
2024-01-02,15504686,0,10
2024-01-03,15236116,0,10
2024-01-04,15142436,0,10
2024-01-05,15141609,0,10
2024-01-08,15166083,0,10
2024-01-09,15310802,0,10
2024-01-10,15366111,0,10
2024-01-11,15457114,0,10
2024-01-12,15464358,0,10
2024-01-15,15699165,0,10
2024-01-16,15425595,0,10
2024-01-17,15357994,0,10
2024-01-18,15512905,0,10
2024-01-19,15849031,0,10
2024-01-22,16084892,0,10
2024-01-23,16029292,0,10
2024-01-24,15884640,0,10
2024-01-25,15909621,0,10
2024-01-26,15947134,0,10
2024-01-29,16164591,0,10
2024-01-30,16305907,0,10
2024-01-31,16332738,0,10
2024-02-01,16187902,0,10
2024-02-02,16234808,0,10
2024-02-05,16366567,0,10
2024-02-15,16940314,0,10
2024-02-16,16924225,0,10
2024-02-19,16862427,0,10
2024-02-20,17234142,0,10
2024-02-21,17439228,0,10
2024-02-22,17952281,0,10
2024-02-23,18144601,0,10
2024-02-26,18145656,0,10
2024-02-27,17778380,0,10
2024-02-29,17890693,0,10
2024-03-01,17779376,0,10
2024-03-04,18124018,0,10
2024-03-05,18327430,0,10
2024-03-06,18599014,0,10
2024-03-07,18972046,0,10
2024-03-08,18583045,0,10
2024-03-11,18600416,0,10
2024-03-12,18694518,0,10
2024-03-13,18360866,0,10
2024-03-14,18173002,0,10
2024-03-15,17980672,0,10
2024-03-18,18578770,0,10
2024-03-19,18409056,0,10
2024-03-20,18205122,0,10
2024-03-21,18694428,0,10
2024-03-22,18733319,0,10
2024-03-25,18673947,0,10
2024-03-26,18390488,0,10
2024-03-27,18396314,0,10
2024-03-28,18249866,0,10
2024-03-29,18455745,0,10
2024-04-01,18406966,0,10
2024-04-02,18532603,0,10
2024-04-03,18407964,0,10
2024-04-08,18246494,0,10
2024-04-09,18194037,0,10
2024-04-10,18336954,0,10
2024-04-11,18300056,0,10
2024-04-12,18309060,0,10
2024-04-15,17716270,0,10
2024-04-16,17256250,0,10
2024-04-17,17466194,0,10
2024-04-18,17487879,0,10
2024-04-19,16618055,0,10
2024-04-22,16197280,0,10
2024-04-23,16370297,0,10
2024-04-24,17141951,0,10
2024-04-25,17173641,0,10
2024-04-26,15696968,0,10
2024-04-29,16005649,0,10
2024-04-30,15868333,0,10
2024-05-02,15622497,0,10
2024-05-03,15831666,0,10
2024-05-06,15644726,0,10
2024-05-07,15623142,0,10
2024-05-08,15805726,0,10
2024-05-09,15482602,0,10
2024-05-10,15435251,0,10
2024-05-13,15453075,0,10
2024-05-14,15658508,0,10
2024-05-15,15809900,0,10
2024-05-16,15826288,0,10
2024-05-17,15931265,0,10
2024-05-20,15950020,0,10
2024-05-21,16017549,0,10
2024-05-22,16203960,0,10
2024-05-23,16343632,0,10
2024-05-24,16403173,0,10
2024-05-27,16850584,0,10
2024-05-28,17030682,0,10
2024-05-29,16958564,0,10
2024-05-30,16808896,0,10
2024-05-31,16457559,0,10
2024-06-03,16790924,0,10
2024-06-04,16546101,0,10
2024-06-05,16462129,0,10
2024-06-06,16663532,0,10
2024-06-07,16751273,0,10
2024-06-11,16504221,0,10
2024-06-12,16862417,0,10
2024-06-13,17339947,0,10
2024-06-14,17354413,0,10
2024-06-17,17767048,0,10
2024-06-18,18374062,0,10
2024-06-19,18653967,0,10
2024-06-20,19058851,0,10
2024-06-21,18851287,0,10
2024-06-24,18453540,0,10
2024-06-25,18420767,0,10
2024-06-26,18669715,0,10
2024-06-27,18642799,0,10
2024-06-28,18705998,0,10
2024-07-01,18685828,0,10
2024-07-02,18313408,0,10
2024-07-03,18704345,0,10
2024-07-04,19049030,0,10
2024-07-05,18927757,0,10
2024-07-08,19264966,0,10
2024-07-09,19498772,0,10
2024-07-10,19651833,0,10
2024-07-11,20122839,0,10
2024-07-12,19423912,0,10
2024-07-15,19572556,0,10
2024-07-16,19611930,0,10
2024-07-17,19675693,0,10
2024-07-18,18955462,0,10
2024-07-19,18473337,0,10
2024-07-22,17941155,0,10
2024-07-23,18392142,0,10
2024-07-26,17557732,0,10
2024-07-29,17163451,0,10
2024-07-30,17578662,0,10
2024-07-31,17277724,0,10
2024-08-01,17538608,0,10
2024-08-02,16305740,0,10
2024-08-05,14789477,0,10
2024-08-06,14911491,0,10
2024-08-07,15807640,0,10
2024-08-08,15475832,0,10
2024-08-09,15999879,0,10
2024-08-12,16453796,0,10
2024-08-13,16860690,0,10
2024-08-14,17186847,0,10
2024-08-15,17062383,0,10
2024-08-16,17574186,0,10
2024-08-19,17806150,0,10
2024-08-20,17790804,0,10
2024-08-21,17499647,0,10
2024-08-22,17597777,0,10
2024-08-23,17859933,0,10
2024-08-26,17562000,0,10
2024-08-27,17684958,0,10
2024-08-28,17816582,0,10
2024-08-29,17891714,0,10
2024-08-30,17921819,0,10
2024-09-02,17759355,0,10
2024-09-03,17409134,0,10
2024-09-04,16386355,0,10
2024-09-05,16308235,0,10
2024-09-06,16408788,0,10
2024-09-09,16291982,0,10
2024-09-10,16195408,0,10
2024-09-11,16130454,0,10
2024-09-12,17039049,0,10
2024-09-13,16981520,0,10
2024-09-16,17054241,0,10
2024-09-18,16661249,0,10
2024-09-19,17002538,0,10
2024-09-20,17114414,0,10
2024-09-23,17151669,0,10
2024-09-24,17089433,0,10
2024-09-25,17192603,0,10
2024-09-26,17164524,0,10
2024-09-27,17160358,0,10
2024-09-30,16642520,0,10
2024-10-01,16747094,0,10
2024-10-04,16510749,0,10
2024-10-07,16985786,0,10
2024-10-08,16916247,0,10
2024-10-09,17102233,0,10
2024-10-11,17231091,0,10
2024-10-14,17569471,0,10
2024-10-15,17880340,0,10
2024-10-16,17764910,0,10
2024-10-17,18069093,0,10
2024-10-18,17963825,0,10
2024-10-21,18399389,0,10
2024-10-22,18602559,0,10
2024-10-23,18506838,0,10
2024-10-24,17930945,0,10
2024-10-25,17985407,0,10
2024-10-28,17827561,0,10
2024-10-29,17519251,0,10
2024-10-30,17530693,0,10
2024-11-01,17586835,0,10
2024-11-04,17794752,0,10
2024-11-05,17902951,0,10
2024-11-06,18430155,0,10
2024-11-07,18703134,0,10
2024-11-08,18639565,0,10
2024-11-11,18600937,0,10
2024-11-12,18026777,0,10
2024-11-13,17974260,0,10
2024-11-14,17674259,0,10
2024-11-15,17640817,0,10
2024-11-18,17134123,0,10
2024-11-19,17681404,0,10
2024-11-20,17524014,0,10
2024-11-21,17453407,0,10
2024-11-22,17677939,0,10
2024-11-25,17718893,0,10
2024-11-26,17328252,0,10
2024-11-27,16913252,0,10
2024-11-28,16784824,0,10
2024-11-29,17018366,0,10
2024-12-02,17279038,0,10
2024-12-03,17323293,0,10
2024-12-04,17712738,0,10
2024-12-05,17963213,0,10
2024-12-06,17907263,0,10
2024-12-09,17998191,0,10
2024-12-10,17765614,0,10
2024-12-11,17648185,0,10
2024-12-12,17659875,0,10
2024-12-13,17656064,0,10
2024-12-16,17407135,0,10
2024-12-17,17734956,0,10
2024-12-18,17960225,0,10
2024-12-19,17963359,0,10
2024-12-20,17725703,0,10
2024-12-23,18074713,0,10
2024-12-24,18015130,0,10
2024-12-25,18039551,0,10
2024-12-26,17969179,0,10
2024-12-27,18117070,0,10
2024-12-30,17757479,0,10
2024-12-31,17805827,0,10
2025-01-02,17466592,0,10
2025-01-03,17305385,0,10
2025-01-06,17753444,0,10
2025-01-07,18360340,0,10
2025-01-08,18161716,0,10
2025-01-09,17854537,0,10
2025-01-10,17892351,0,10
2025-01-13,17002286,0,10
2025-01-14,17166725,0,10
2025-01-15,17205859,0,10
2025-01-16,17778710,0,10
2025-01-17,17654607,0,10
2025-01-20,18021083,0,10
2025-01-21,18012129,0,10
2025-01-22,18164040,0,10
2025-02-03,16906024,0,10
2025-02-04,16677816,0,10
2025-02-05,17066567,0,10
2025-02-06,17311408,0,10
2025-02-07,17674315,0,10
2025-02-10,17413788,0,10
2025-02-11,17536121,0,10
2025-02-12,17393847,0,10
2025-02-13,17845114,0,10
2025-02-14,17921422,0,10
2025-02-17,18203252,0,10
2025-02-18,18302649,0,10
2025-02-19,18458646,0,10
2025-02-20,18212242,0,10
2025-02-21,18651259,0,10
2025-02-24,18472225,0,10
2025-02-25,18188547,0,10
2025-02-26,18117105,0,10
2025-02-27,17558283,0,10
2025-03-03,16835493,0,10
2025-03-04,16772354,0,10
2025-03-05,16961374,0,10
2025-03-06,16634624,0,10
2025-03-07,16608170,0,10
2025-03-10,16557086,0,10
2025-03-11,16235487,0,10
2025-03-12,16446648,0,10
2025-03-13,16280206,0,10
2025-03-14,16269497,0,10
2025-03-17,16354931,0,10
2025-03-18,16516379,0,10
2025-03-19,16236908,0,10
2025-03-20,16769150,0,10
2025-03-21,16616871,0,10
2025-03-24,16419280,0,10
2025-03-25,16452629,0,10
2025-03-26,16526576,0,10
2025-03-27,16149130,0,10
2025-03-28,15725004,0,10
2025-03-31,14780158,0,10
2025-04-01,15251083,0,10
2025-04-02,15373060,0,10
2025-04-07,13848323,0,10
2025-04-08,12735806,0,10
2025-04-09,11734489,0,10
2025-04-10,12893410,0,10
2025-04-11,13297165,0,10
2025-04-14,13672834,0,10
2025-04-15,14033936,0,10
2025-04-16,13509326,0,10
2025-04-17,13403339,0,10
2025-04-18,13565241,0,10
2025-04-21,13380906,0,10
2025-04-22,13190878,0,10
2025-04-23,13919501,0,10
2025-04-24,13720557,0,10
2025-04-25,14266566,0,10
2025-04-28,14427183,0,10
2025-04-29,14653798,0,10
2025-04-30,14420681,0,10
2025-05-02,14835311,0,10
2025-05-05,14507399,0,10
2025-05-06,14679036,0,10
2025-05-07,14537544,0,10
2025-05-08,14788594,0,10
2025-05-09,14904727,0,10
2025-05-12,15447211,0,10
2025-05-13,15826185,0,10
2025-05-14,16357522,0,10
2025-05-15,16317107,0,10
2025-05-16,16286909,0,10
2025-05-19,15815055,0,10
2025-05-20,16034370,0,10
2025-05-21,16251096,0,10
2025-05-22,16071276,0,10
2025-05-23,16074421,0,10
2025-05-26,15940413,0,10
2025-05-27,15898544,0,10
2025-05-28,15856711,0,10
2025-05-29,15944759,0,10
2025-06-02,15512840,0,10
2025-06-03,15632009,0,10
2025-06-04,16075153,0,10
2025-06-05,16160834,0,10
2025-06-06,16287404,0,10
2025-06-09,16247603,0,10
2025-06-10,16691335,0,10
2025-06-11,16975122,0,10
2025-06-12,16809007,0,10
2025-06-13,16489841,0,10
2025-06-16,16800235,0,10
2025-06-17,17066742,0,10
2025-06-18,17170745,0,10
2025-06-19,17028371,0,10
2025-06-20,16848536,0,10
2025-06-23,17043683,0,10
2025-06-24,17442184,0,10
2025-06-25,17717746,0,10
2025-06-26,17811209,0,10
2025-06-27,17815685,0,10
2025-06-30,17706712,0,10
2025-07-01,17703184,0,10
2025-07-02,17695992,0,10
2025-07-03,18060214,0,10
2025-07-04,17922913,0,10
2025-07-07,17811574,0,10
2025-07-08,17798788,0,10
2025-07-09,18230638,0,10
2025-07-10,18425944,0,10
2025-07-11,18239631,0,10
2025-07-14,17939344,0,10
2025-07-15,18341720,0,10
2025-07-16,18699525,0,10
2025-07-17,18845986,0,10
2025-07-18,19011072,0,10
2025-07-21,18949501,0,10
2025-07-22,18478124,0,10
2025-07-23,18710699,0,10
2025-07-24,18944451,0,10
2025-07-25,18792720,0,10
2025-07-28,18994236,0,10
2025-07-29,18867820,0,10
2025-07-30,18998212,0,10
2025-07-31,19056246,0,10
2025-08-01,19143131,0,10
2025-08-04,18911467,0,10
2025-08-05,19021412,0,10
2025-08-06,18713608,0,10
2025-08-07,19164030,0,10
2025-08-08,19514678,0,10
2025-08-11,19968333,0,10
2025-08-12,20098248,0,10
2025-08-13,20102704,0,10
2025-08-14,20218628,0,10
2025-08-15,20213697,0,10
2025-08-18,20358495,0,10
2025-08-19,20018180,0,10
2025-08-20,19163330,0,10
2025-08-21,19641608,0,10
2025-08-22,19442431,0,10
2025-08-25,20203614,0,10
2025-08-26,20452619,0,10
2025-08-27,20829317,0,10
2025-08-28,20635579,0,10
2025-08-29,20938517,0,10
2025-09-01,20634176,0,10
2025-09-02,20328929,0,10
2025-09-03,20483539,0,10
2025-09-04,20420817,0,10
2025-09-05,21128854,0,10
2025-09-08,21572751,0,10
2025-09-09,21573496,0,10
2025-09-10,21773321,0,10
2025-09-11,21690247,0,10
2025-09-12,21732668,0,10
2025-09-15,21742821,0,10
2025-09-16,22295503,0,10
2025-09-17,22317689,0,10
2025-09-18,22851174,0,10
2025-09-19,22860592,0,10
2025-09-22,23018959,0,10
2025-09-23,23099940,0,10
2025-09-24,22567627,0,10
2025-09-25,22464868,0,10
2025-09-26,21511314,0,10
2025-09-30,22006279,0,10
2025-10-01,22212363,0,10
2025-10-02,22400655,0,10
2025-10-03,22701170,0,10
2025-10-07,23316417,0,10
2025-10-08,23224292,0,10
2025-10-09,23563455,0,10
2025-10-13,22933651,0,10
2025-10-14,22244771,0,10
2025-10-15,22852285,0,10
2025-10-16,23798536,0,10
2025-10-17,23594091,0,10
2025-10-20,23950008,0,10
2025-10-21,24109325,0,10
2025-10-22,23942723,0,10
2025-10-23,23703430,0,10
2025-10-27,24504642,0,10
2025-10-28,24733787,0,10
2025-10-29,25637374,0,10
2025-10-30,25625026,0,10
2025-10-31,26304006,0,10
2025-11-03,26891929,0,10
2025-11-04,26138056,0,10
2025-11-05,26070456,0,10
2025-11-06,26472389,0,10
2025-11-07,25949296,0,10
2025-11-10,26509283,0,10
2025-11-11,26449030,0,10
2025-11-12,26557221,0,10
2025-11-13,26867129,0,10
2025-11-14,26262664,0,10
2025-11-17,26426732,0,10
2025-11-18,25314327,0,10
2025-11-19,25078772,0,10
2025-11-20,25830103,0,10
2025-11-21,24545320,0,10
2025-11-24,24940918,0,10
2025-11-25,25431366,0,10
2025-11-26,26035396,0,10
2025-11-27,26950470,0,10
2025-11-28,27401309,0,10
2025-12-01,27152203,0,10
2025-12-02,27389903,0,10
2025-12-03,27504808,0,10
2025-12-04,27299293,0,10
2025-12-05,27800200,0,10
2025-12-08,28524649,0,10
2025-12-09,28729980,0,10
2025-12-10,29011256,0,10
2025-12-11,28645699,0,10
2025-12-12,29003314,0,10
2025-12-15,28473859,0,10
2025-12-16,27716275,0,10
2025-12-17,27877359,0,10
2025-12-18,27555262,0,10
2025-12-19,28042735,0,10
2025-12-22,28565239,0,10
2025-12-23,28609599,0,10
2025-12-24,28840828,0,10
2025-12-26,29114909,0,10
2025-12-29,29652567,0,10
2025-12-30,30014973,0,10
2025-12-31,30195016,0,10
2026-01-02,31129399,0,10
2026-01-05,31673081,0,10
2026-01-06,32408017,0,10
2026-01-07,32600393,0,10
2026-01-08,32345034,0,10
2026-01-09,31829135,0,10
2026-01-12,32911197,0,10
2026-01-13,33207181,0,10
2026-01-14,33256251,0,10
2026-01-15,32995323,0,10
2026-01-16,33768552,0,10
2026-01-19,34261086,0,10
2026-01-20,34616693,0,10
2026-01-21,34077417,0,10
2026-01-22,34760428,0,10
2026-01-23,35687720,0,10
2026-01-26,36211186,0,10
2026-01-27,36485787,0,10
2026-01-28,37376312,0,10
2026-01-29,37056181,0,10
2026-01-30,36749726,0,10
2026-02-02,36236170,0,10
2026-02-03,37540258,0,10
2026-02-04,38172288,0,10
2026-02-05,36577202,0,10
2026-02-06,35771609,0,10
2026-02-09,37140132,0,10
2026-02-10,38025326,0,10
2026-02-11,38419549,0,10
2026-02-23,39872797,0,10
2026-02-24,42104031,0,10
2026-02-25,42652373,0,10
2026-02-26,43685994,0,10
2026-03-02,43312662,0,10
2026-03-03,41697284,0,10
2026-03-04,38666810,0,10
2026-03-05,40755570,0,10
2026-03-06,39804861,0,10
2026-03-09,36733041,0,10
2026-03-10,38684002,0,10
2026-03-11,41317308,0,10
2026-03-12,40782077,0,10
2026-03-13,41203822,0,10
2026-03-16,41758259,0,10
2026-03-17,42660503,0,10
2026-03-18,44762909,0,10
2026-03-19,43718456,0,10
2026-03-20,43246792,0,10
2026-03-23,41268165,0,10
2026-03-24,40707015,0,10
2026-03-25,42747183,0,10
2026-03-26,42793640,0,10
2026-03-27,42749953,0,10
2026-03-30,41367180,0,10
2026-03-31,38550879,0,10
2026-04-01,41107028,0,10
2026-04-02,40305297,0,10
2026-04-07,41697317,0,10
2026-04-08,44828225,0,10
2026-04-09,45386630,0,10
2026-04-10,46449760,0,10
2026-04-13,48118755,0,10
2026-04-14,48336167,0,10
2026-04-15,49128714,0,10
2026-04-16,50712030,0,10
2026-04-17,50887824,0,10
2026-04-20,50965705,0,10
2026-04-21,52402345,0,10
2026-04-22,53400983,0,10
2026-04-23,51891982,0,10
2026-04-24,53447401,0,10
2026-04-27,53983807,0,10
2026-04-28,55034919,0,10
2026-04-29,54366189,0,10
2026-04-30,55670746,0,10
2026-05-04,59813786,0,10
2026-05-05,61530669,0,10
2026-05-06,62423600,0,10
2026-05-07,63784667,0,10
2026-05-08,61639219,0,10
2026-05-11,64695073,0,10
2026-05-12,65793556,0,10
2026-05-13,64673255,0,10
2026-05-14,65272055,0,10
2026-05-15,64240132,0,10
2026-05-18,63005311,0,10
2026-05-19,60161431,0,10
2026-05-20,60061021,0,10
2026-05-21,64137494,0,10
2026-05-22,66969241,0,10
2026-05-25,70310389,0,10
2026-05-26,72122769,0,10
2026-05-27,72551700,0,10
2026-05-28,71047863,0,10
2026-05-29,71866401,0,10
2026-06-01,74186329,0,10
2026-06-02,73304967,0,10
2026-06-03,75529190,0,10
2026-06-04,73785071,0,10
2026-06-05,71492805,0,10
2026-06-08,67660455,0,10
2026-06-09,69995659,0,10
2026-06-10,65169160,0,10
2026-06-11,64546115,0,10
2026-06-12,67319679,0,10
2026-06-15,69750055,0,10
2026-06-16,70972028,0,10
2026-06-17,70847139,0,10
2026-06-18,72674575,0,10
2026-06-22,76324206,0,10
2026-06-23,74628741,0,10
2026-06-24,73877973,0,10
2026-06-25,74600194,0,10
2026-06-26,70619745,0,10
2026-06-29,71099861,0,10
2026-06-30,74691060,0,10
2026-07-01,74817294,0,10
2026-07-02,75236528,0,10
2026-07-03,74134938,0,10
2026-07-06,72785564,0,10
2026-07-07,68828895,0,10
2026-07-08,68425255,0,10
2026-07-09,69712300,0,10
2026-07-13,69075536,0,10
2026-07-14,66602775,0,10
2026-07-15,70210836,0,10
2026-07-16,69491632,0,10
2026-07-17,63199542,0,10
2026-07-20,61268534,0,10
2026-07-21,65387299,0,10
2026-07-22,68576662,0,10
2026-07-23,67888416,0,10
2026-07-24,65099860,0,10
2026-07-27,65805434,0,10
2026-07-28,59773955,0,10
2026-07-29,54988255,0,10
2026-07-30,54554814,0,10
2026-07-31,59743582,0,10
2026-08-03,63145032,0,10
2026-08-04,64539728,0,10
2026-08-05,66553139,0,10
2026-08-06,67500208,0,10
2026-08-07,66547068,0,10
2026-08-10,69243324,0,10
2026-08-11,69225583,0,10
2026-08-12,70775053,0,10
2026-08-13,71707224,0,10
2026-08-14,71425174,0,10
2026-08-17,72721438,0,10
2026-08-18,70131557,0,10
2026-08-19,68407708,0,10
2026-08-20,69401942,0,10
2026-08-21,68649053,0,10
2026-08-24,68034794,0,10
2026-08-25,68556616,0,10
2026-08-26,70408392,0,10
2026-08-27,70874288,0,10
2026-08-28,72025179,0,10
